F1,Acc,Recall,loss
0.9288996510263297,0.9197976060114036,0.9381836388846094,0.13284799456596375
0.9313639650800078,0.9206743433431174,0.9423047296256355,0.0958472341299057
0.930874348090542,0.9201219053352396,0.9418810660915113,0.077900230884552
0.9339077720299944,0.9245838523383535,0.9434216607610537,0.07619363069534302
0.9349672640703344,0.9268117313150426,0.9432676012940995,0.06776351481676102
