F1,Acc,Recall,loss
0.0,0.0,0.0,18.679489135742188
0.5569620252680636,0.47227191413237923,0.6786632390745502,6.097133159637451
0.6157517899263899,0.5746102449888641,0.6632390745501285,3.728360652923584
0.6009615384117492,0.5643340857787811,0.6426735218508998,4.757503509521484
0.6100861008111013,0.5849056603773585,0.6375321336760925,5.173349380493164
0.6002400959886333,0.5630630630630631,0.6426735218508998,6.529458522796631
