F1,Acc,Recall,loss
0.45953757220510755,0.5247524752475248,0.4087403598971722,6.57611608505249
