F1,Acc,Recall,loss
0.5039619650874204,0.6570247933884298,0.4087403598971722,8.39388656616211
0.6553079947075554,0.6684491978609626,0.6426735218508998,3.9128270149230957
0.689189189139321,0.7264957264957265,0.6555269922879178,3.1958048343658447
0.6524064170623799,0.6796657381615598,0.6272493573264781,7.281594276428223
0.6494845360324746,0.6511627906976745,0.6478149100257069,4.447641849517822
0.6308900523060377,0.6426666666666667,0.6195372750642674,5.131650447845459
0.6509186351206256,0.6648793565683646,0.6375321336760925,5.679490089416504
