F1,Acc,Recall,loss
0.3031423289799283,0.5394736842105263,0.21079691516709512,8.30729866027832
