F1,Acc,Recall,loss
0.0,0.0,0.0,10.499467849731445
0.609475031960244,0.6071428571428571,0.6118251928020566,4.280289649963379
0.6335078533531581,0.6453333333333333,0.622107969151671,4.182787895202637
0.6482213438235491,0.6648648648648648,0.6323907455012854,4.375851154327393
0.6056860320885159,0.5833333333333334,0.6298200514138818,3.6128640174865723
0.6144278606465696,0.5951807228915663,0.6349614395886889,7.051271438598633
0.6342072408988552,0.616504854368932,0.6529562982005142,4.586384296417236
