F1,Acc,Recall,loss
0.0,0.0,0.0,80.69811248779297
0.0,0,0.0,19.33399200439453
0.0,0,0.0,17.062335968017578
0.0,0,0.0,16.138887405395508
0.0,0,0.0,15.711094856262207
