F1,Acc,Recall,loss
0.6125874125378008,0.6717791411042945,0.5629820051413882,3.6486024856567383
0.6421052631079228,0.6576819407008087,0.6272493573264781,2.1656088829040527
0.6612021857425473,0.7055393586005831,0.622107969151671,2.5760490894317627
0.6439790575416399,0.656,0.6323907455012854,2.5991051197052
0.6911564625352051,0.7341040462427746,0.6529562982005142,3.7974510192871094
0.6391752576819589,0.6408268733850129,0.6375321336760925,3.3045742511749268
